max_depth,mean_rmse
10,0.4431805944095529
15,0.44569659863415
20,0.44553083381794745
25,0.44544460600529623
