max_depth,mean_rmse
10,0.44318059440955293
15,0.44569659863415
